date,year,month,quarter,day_of_week,is_weekend,season,temperature_f,demand_mwh,is_spike
2022-01-01,2022,1,1,Saturday,1,Winter,34.3,1104.7,0
2022-01-02,2022,1,1,Sunday,1,Winter,42.6,1078.2,0
2022-01-03,2022,1,1,Monday,0,Winter,33.8,1349.5,0
2022-01-04,2022,1,1,Tuesday,0,Winter,38.8,1577.3,0
2022-01-05,2022,1,1,Wednesday,0,Winter,37.7,1347.9,0
2022-01-06,2022,1,1,Thursday,0,Winter,32.7,1336.6,0
2022-01-07,2022,1,1,Friday,0,Winter,25.4,1376.8,0
2022-01-08,2022,1,1,Saturday,1,Winter,32.2,916.4,0
2022-01-09,2022,1,1,Sunday,1,Winter,36.6,942.6,0
2022-01-10,2022,1,1,Monday,0,Winter,27.9,1276.0,0
2022-01-11,2022,1,1,Tuesday,0,Winter,33.9,1565.4,0
2022-01-12,2022,1,1,Wednesday,0,Winter,27.9,1408.8,0
2022-01-13,2022,1,1,Thursday,0,Winter,35.6,1328.4,0
2022-01-14,2022,1,1,Friday,0,Winter,36.9,1227.0,0
2022-01-15,2022,1,1,Saturday,1,Winter,33.5,1012.6,0
2022-01-16,2022,1,1,Sunday,1,Winter,44.3,976.8,0
2022-01-17,2022,1,1,Monday,0,Winter,29.7,1375.3,0
2022-01-18,2022,1,1,Tuesday,0,Winter,28.9,1494.2,0
2022-01-19,2022,1,1,Wednesday,0,Winter,25.2,1425.5,0
2022-01-20,2022,1,1,Thursday,0,Winter,36.0,1628.4,1
2022-01-21,2022,1,1,Friday,0,Winter,35.9,1432.1,0
2022-01-22,2022,1,1,Saturday,1,Winter,33.5,1054.5,0
2022-01-23,2022,1,1,Sunday,1,Winter,31.4,905.4,0
2022-01-24,2022,1,1,Monday,0,Winter,40.3,1326.8,0
2022-01-25,2022,1,1,Tuesday,0,Winter,26.2,1441.3,0
2022-01-26,2022,1,1,Wednesday,0,Winter,33.1,1439.2,0
2022-01-27,2022,1,1,Thursday,0,Winter,38.1,1315.1,0
2022-01-28,2022,1,1,Friday,0,Winter,39.7,1464.5,0
2022-01-29,2022,1,1,Saturday,1,Winter,33.5,993.4,0
2022-01-30,2022,1,1,Sunday,1,Winter,39.9,1054.6,0
2022-01-31,2022,1,1,Monday,0,Winter,34.1,1325.5,0
2022-02-01,2022,2,1,Tuesday,0,Winter,32.0,1228.1,0
2022-02-02,2022,2,1,Wednesday,0,Winter,44.8,1435.1,0
2022-02-03,2022,2,1,Thursday,0,Winter,43.0,1327.9,0
2022-02-04,2022,2,1,Friday,0,Winter,34.8,1337.2,0
2022-02-05,2022,2,1,Saturday,1,Winter,45.7,1052.5,0
2022-02-06,2022,2,1,Sunday,1,Winter,45.8,984.0,0
2022-02-07,2022,2,1,Monday,0,Winter,42.1,1046.5,0
2022-02-08,2022,2,1,Tuesday,0,Winter,36.5,1357.5,0
2022-02-09,2022,2,1,Wednesday,0,Winter,28.1,1358.1,0
2022-02-10,2022,2,1,Thursday,0,Winter,39.8,1312.8,0
2022-02-11,2022,2,1,Friday,0,Winter,35.4,1454.0,0
2022-02-12,2022,2,1,Saturday,1,Winter,35.5,957.3,0
2022-02-13,2022,2,1,Sunday,1,Winter,39.6,1059.7,0
2022-02-14,2022,2,1,Monday,0,Winter,40.6,1268.6,0
2022-02-15,2022,2,1,Tuesday,0,Winter,42.8,1359.4,0
2022-02-16,2022,2,1,Wednesday,0,Winter,36.4,1273.2,0
2022-02-17,2022,2,1,Thursday,0,Winter,30.7,1295.1,0
2022-02-18,2022,2,1,Friday,0,Winter,39.3,1331.9,0
2022-02-19,2022,2,1,Saturday,1,Winter,36.8,1024.5,0
2022-02-20,2022,2,1,Sunday,1,Winter,35.9,876.1,0
2022-02-21,2022,2,1,Monday,0,Winter,34.0,1289.1,0
2022-02-22,2022,2,1,Tuesday,0,Winter,40.0,1332.3,0
2022-02-23,2022,2,1,Wednesday,0,Winter,38.9,1553.5,0
2022-02-24,2022,2,1,Thursday,0,Winter,37.6,1365.4,0
2022-02-25,2022,2,1,Friday,0,Winter,37.9,1102.0,0
2022-02-26,2022,2,1,Saturday,1,Winter,50.3,1029.6,0
2022-02-27,2022,2,1,Sunday,1,Winter,39.5,973.3,0
2022-02-28,2022,2,1,Monday,0,Winter,32.2,1322.5,0
2022-03-01,2022,3,1,Tuesday,0,Spring,53.8,1289.7,0
2022-03-02,2022,3,1,Wednesday,0,Spring,45.5,1256.5,0
2022-03-03,2022,3,1,Thursday,0,Spring,43.0,1302.7,0
2022-03-04,2022,3,1,Friday,0,Spring,61.0,1193.2,0
2022-03-05,2022,3,1,Saturday,1,Spring,47.2,826.0,0
2022-03-06,2022,3,1,Sunday,1,Spring,47.5,872.4,0
2022-03-07,2022,3,1,Monday,0,Spring,50.3,1017.1,0
2022-03-08,2022,3,1,Tuesday,0,Spring,52.4,1081.8,0
2022-03-09,2022,3,1,Wednesday,0,Spring,57.7,1095.4,0
2022-03-10,2022,3,1,Thursday,0,Spring,48.4,1098.5,0
2022-03-11,2022,3,1,Friday,0,Spring,43.8,1214.6,0
2022-03-12,2022,3,1,Saturday,1,Spring,56.5,913.9,0
2022-03-13,2022,3,1,Sunday,1,Spring,50.9,754.6,0
2022-03-14,2022,3,1,Monday,0,Spring,53.9,1185.9,0
2022-03-15,2022,3,1,Tuesday,0,Spring,43.4,1065.9,0
2022-03-16,2022,3,1,Wednesday,0,Spring,51.5,1232.5,0
2022-03-17,2022,3,1,Thursday,0,Spring,51.7,1196.1,0
2022-03-18,2022,3,1,Friday,0,Spring,51.2,1078.9,0
2022-03-19,2022,3,1,Saturday,1,Spring,46.4,919.1,0
2022-03-20,2022,3,1,Sunday,1,Spring,52.4,995.8,0
2022-03-21,2022,3,1,Monday,0,Spring,53.3,1051.6,0
2022-03-22,2022,3,1,Tuesday,0,Spring,53.9,1091.3,0
2022-03-23,2022,3,1,Wednesday,0,Spring,45.9,1293.5,0
2022-03-24,2022,3,1,Thursday,0,Spring,52.1,1263.7,0
2022-03-25,2022,3,1,Friday,0,Spring,59.5,1216.7,0
2022-03-26,2022,3,1,Saturday,1,Spring,46.2,881.0,0
2022-03-27,2022,3,1,Sunday,1,Spring,45.9,805.3,0
2022-03-28,2022,3,1,Monday,0,Spring,51.7,1155.9,0
2022-03-29,2022,3,1,Tuesday,0,Spring,54.1,1210.5,0
2022-03-30,2022,3,1,Wednesday,0,Spring,57.3,1185.6,0
2022-03-31,2022,3,1,Thursday,0,Spring,63.6,1149.1,0
2022-04-01,2022,4,2,Friday,0,Spring,57.7,1085.2,0
2022-04-02,2022,4,2,Saturday,1,Spring,64.4,743.8,0
2022-04-03,2022,4,2,Sunday,1,Spring,65.6,770.8,0
2022-04-04,2022,4,2,Monday,0,Spring,61.6,1092.8,0
2022-04-05,2022,4,2,Tuesday,0,Spring,54.4,999.5,0
2022-04-06,2022,4,2,Wednesday,0,Spring,66.3,1033.9,0
2022-04-07,2022,4,2,Thursday,0,Spring,55.8,1080.9,0
2022-04-08,2022,4,2,Friday,0,Spring,63.9,1048.4,0
2022-04-09,2022,4,2,Saturday,1,Spring,62.8,756.4,0
2022-04-10,2022,4,2,Sunday,1,Spring,56.3,1021.0,1
2022-04-11,2022,4,2,Monday,0,Spring,64.8,1083.7,0
2022-04-12,2022,4,2,Tuesday,0,Spring,67.3,1165.7,0
2022-04-13,2022,4,2,Wednesday,0,Spring,57.3,954.6,0
2022-04-14,2022,4,2,Thursday,0,Spring,64.6,1107.1,0
2022-04-15,2022,4,2,Friday,0,Spring,81.3,1077.3,0
2022-04-16,2022,4,2,Saturday,1,Spring,67.7,851.6,0
2022-04-17,2022,4,2,Sunday,1,Spring,65.3,845.7,0
2022-04-18,2022,4,2,Monday,0,Spring,65.8,1027.5,0
2022-04-19,2022,4,2,Tuesday,0,Spring,60.8,1007.0,0
2022-04-20,2022,4,2,Wednesday,0,Spring,62.4,1031.8,0
2022-04-21,2022,4,2,Thursday,0,Spring,52.7,1260.9,0
2022-04-22,2022,4,2,Friday,0,Spring,53.9,1092.1,0
2022-04-23,2022,4,2,Saturday,1,Spring,67.4,784.1,0
2022-04-24,2022,4,2,Sunday,1,Spring,56.6,790.2,0
2022-04-25,2022,4,2,Monday,0,Spring,65.4,994.3,0
2022-04-26,2022,4,2,Tuesday,0,Spring,63.1,1011.2,0
2022-04-27,2022,4,2,Wednesday,0,Spring,58.7,1078.0,0
2022-04-28,2022,4,2,Thursday,0,Spring,65.2,1247.1,0
2022-04-29,2022,4,2,Friday,0,Spring,62.9,868.0,0
2022-04-30,2022,4,2,Saturday,1,Spring,66.3,772.2,0
2022-05-01,2022,5,2,Sunday,1,Spring,71.4,698.0,0
2022-05-02,2022,5,2,Monday,0,Spring,76.3,1040.1,0
2022-05-03,2022,5,2,Tuesday,0,Spring,70.3,1118.0,1
2022-05-04,2022,5,2,Wednesday,0,Spring,68.7,1308.3,1
2022-05-05,2022,5,2,Thursday,0,Spring,74.0,1151.6,0
2022-05-06,2022,5,2,Friday,0,Spring,76.6,882.8,0
2022-05-07,2022,5,2,Saturday,1,Spring,77.2,904.1,0
2022-05-08,2022,5,2,Sunday,1,Spring,69.6,655.0,0
2022-05-09,2022,5,2,Monday,0,Spring,68.5,1101.7,0
2022-05-10,2022,5,2,Tuesday,0,Spring,75.9,1054.8,0
2022-05-11,2022,5,2,Wednesday,0,Spring,71.7,943.1,0
2022-05-12,2022,5,2,Thursday,0,Spring,66.9,747.8,0
2022-05-13,2022,5,2,Friday,0,Spring,65.8,962.6,0
2022-05-14,2022,5,2,Saturday,1,Spring,64.8,874.3,0
2022-05-15,2022,5,2,Sunday,1,Spring,72.7,719.8,0
2022-05-16,2022,5,2,Monday,0,Spring,64.8,1116.3,0
2022-05-17,2022,5,2,Tuesday,0,Spring,72.1,1114.0,0
2022-05-18,2022,5,2,Wednesday,0,Spring,74.3,939.2,0
2022-05-19,2022,5,2,Thursday,0,Spring,69.0,1026.3,0
2022-05-20,2022,5,2,Friday,0,Spring,70.1,988.5,0
2022-05-21,2022,5,2,Saturday,1,Spring,75.3,780.7,0
2022-05-22,2022,5,2,Sunday,1,Spring,65.8,841.2,0
2022-05-23,2022,5,2,Monday,0,Spring,62.2,1172.3,0
2022-05-24,2022,5,2,Tuesday,0,Spring,74.9,1007.4,0
2022-05-25,2022,5,2,Wednesday,0,Spring,68.9,1042.7,0
2022-05-26,2022,5,2,Thursday,0,Spring,69.5,994.0,0
2022-05-27,2022,5,2,Friday,0,Spring,76.2,937.2,0
2022-05-28,2022,5,2,Saturday,1,Spring,68.5,796.3,0
2022-05-29,2022,5,2,Sunday,1,Spring,73.5,800.7,0
2022-05-30,2022,5,2,Monday,0,Spring,75.1,1067.2,0
2022-05-31,2022,5,2,Tuesday,0,Spring,69.2,952.7,0
2022-06-01,2022,6,2,Wednesday,0,Summer,85.1,1381.8,0
2022-06-02,2022,6,2,Thursday,0,Summer,82.6,1290.1,0
2022-06-03,2022,6,2,Friday,0,Summer,79.0,1386.0,0
2022-06-04,2022,6,2,Saturday,1,Summer,81.0,1033.1,0
2022-06-05,2022,6,2,Sunday,1,Summer,87.5,938.3,0
2022-06-06,2022,6,2,Monday,0,Summer,86.1,1365.7,0
2022-06-07,2022,6,2,Tuesday,0,Summer,82.1,1440.7,0
2022-06-08,2022,6,2,Wednesday,0,Summer,80.4,1375.8,0
2022-06-09,2022,6,2,Thursday,0,Summer,81.3,1326.6,0
2022-06-10,2022,6,2,Friday,0,Summer,85.0,1268.0,0
2022-06-11,2022,6,2,Saturday,1,Summer,92.5,925.5,0
2022-06-12,2022,6,2,Sunday,1,Summer,75.9,878.6,0
2022-06-13,2022,6,2,Monday,0,Summer,86.0,1400.6,0
2022-06-14,2022,6,2,Tuesday,0,Summer,85.1,1370.4,0
2022-06-15,2022,6,2,Wednesday,0,Summer,77.5,1304.0,0
2022-06-16,2022,6,2,Thursday,0,Summer,78.6,1301.6,0
2022-06-17,2022,6,2,Friday,0,Summer,81.3,1357.1,0
2022-06-18,2022,6,2,Saturday,1,Summer,80.4,925.5,0
2022-06-19,2022,6,2,Sunday,1,Summer,79.2,987.6,0
2022-06-20,2022,6,2,Monday,0,Summer,83.2,1198.2,0
2022-06-21,2022,6,2,Tuesday,0,Summer,79.5,1331.6,0
2022-06-22,2022,6,2,Wednesday,0,Summer,83.2,1256.8,0
2022-06-23,2022,6,2,Thursday,0,Summer,75.0,1144.5,0
2022-06-24,2022,6,2,Friday,0,Summer,80.9,1187.2,0
2022-06-25,2022,6,2,Saturday,1,Summer,89.4,1016.1,0
2022-06-26,2022,6,2,Sunday,1,Summer,81.2,1022.2,0
2022-06-27,2022,6,2,Monday,0,Summer,77.0,1281.3,0
2022-06-28,2022,6,2,Tuesday,0,Summer,80.6,1304.8,0
2022-06-29,2022,6,2,Wednesday,0,Summer,77.9,1340.5,0
2022-06-30,2022,6,2,Thursday,0,Summer,89.7,1349.1,0
2022-07-01,2022,7,3,Friday,0,Summer,92.0,1466.7,0
2022-07-02,2022,7,3,Saturday,1,Summer,88.0,1228.8,0
2022-07-03,2022,7,3,Sunday,1,Summer,90.1,1143.7,0
2022-07-04,2022,7,3,Monday,0,Summer,86.1,1519.1,0
2022-07-05,2022,7,3,Tuesday,0,Summer,92.5,1537.8,0
2022-07-06,2022,7,3,Wednesday,0,Summer,94.8,1713.1,0
2022-07-07,2022,7,3,Thursday,0,Summer,86.2,1783.4,0
2022-07-08,2022,7,3,Friday,0,Summer,90.9,1583.7,0
2022-07-09,2022,7,3,Saturday,1,Summer,86.0,1369.3,0
2022-07-10,2022,7,3,Sunday,1,Summer,87.0,1048.6,0
2022-07-11,2022,7,3,Monday,0,Summer,87.4,1251.9,0
2022-07-12,2022,7,3,Tuesday,0,Summer,90.8,1442.4,0
2022-07-13,2022,7,3,Wednesday,0,Summer,99.4,1577.8,0
2022-07-14,2022,7,3,Thursday,0,Summer,87.1,1638.0,0
2022-07-15,2022,7,3,Friday,0,Summer,92.5,1374.7,0
2022-07-16,2022,7,3,Saturday,1,Summer,99.2,1042.7,0
2022-07-17,2022,7,3,Sunday,1,Summer,87.7,1230.9,0
2022-07-18,2022,7,3,Monday,0,Summer,96.8,1302.2,0
2022-07-19,2022,7,3,Tuesday,0,Summer,96.2,1522.5,0
2022-07-20,2022,7,3,Wednesday,0,Summer,87.0,1340.7,0
2022-07-21,2022,7,3,Thursday,0,Summer,90.2,1523.7,0
2022-07-22,2022,7,3,Friday,0,Summer,93.1,1428.7,0
2022-07-23,2022,7,3,Saturday,1,Summer,89.3,1066.9,0
2022-07-24,2022,7,3,Sunday,1,Summer,92.6,1136.3,0
2022-07-25,2022,7,3,Monday,0,Summer,84.4,1595.8,0
2022-07-26,2022,7,3,Tuesday,0,Summer,96.4,1348.7,0
2022-07-27,2022,7,3,Wednesday,0,Summer,86.3,1578.4,0
2022-07-28,2022,7,3,Thursday,0,Summer,90.6,1713.1,0
2022-07-29,2022,7,3,Friday,0,Summer,90.3,1622.8,0
2022-07-30,2022,7,3,Saturday,1,Summer,98.8,1359.6,0
2022-07-31,2022,7,3,Sunday,1,Summer,94.9,1103.7,0
2022-08-01,2022,8,3,Monday,0,Summer,94.8,1529.9,0
2022-08-02,2022,8,3,Tuesday,0,Summer,91.4,1367.0,0
2022-08-03,2022,8,3,Wednesday,0,Summer,79.2,1606.9,0
2022-08-04,2022,8,3,Thursday,0,Summer,77.8,1329.4,0
2022-08-05,2022,8,3,Friday,0,Summer,91.6,1398.0,0
2022-08-06,2022,8,3,Saturday,1,Summer,88.4,1259.8,0
2022-08-07,2022,8,3,Sunday,1,Summer,81.1,1226.3,0
2022-08-08,2022,8,3,Monday,0,Summer,87.7,1257.2,0
2022-08-09,2022,8,3,Tuesday,0,Summer,87.8,1527.7,0
2022-08-10,2022,8,3,Wednesday,0,Summer,87.6,1237.1,0
2022-08-11,2022,8,3,Thursday,0,Summer,91.3,1315.9,0
2022-08-12,2022,8,3,Friday,0,Summer,83.3,1471.5,0
2022-08-13,2022,8,3,Saturday,1,Summer,82.7,1079.0,0
2022-08-14,2022,8,3,Sunday,1,Summer,92.8,1080.2,0
2022-08-15,2022,8,3,Monday,0,Summer,90.5,1341.6,0
2022-08-16,2022,8,3,Tuesday,0,Summer,84.0,1420.1,0
2022-08-17,2022,8,3,Wednesday,0,Summer,82.8,1470.4,0
2022-08-18,2022,8,3,Thursday,0,Summer,82.0,1404.9,0
2022-08-19,2022,8,3,Friday,0,Summer,88.2,1655.2,0
2022-08-20,2022,8,3,Saturday,1,Summer,89.1,1062.8,0
2022-08-21,2022,8,3,Sunday,1,Summer,86.9,1076.5,0
2022-08-22,2022,8,3,Monday,0,Summer,91.8,1528.8,0
2022-08-23,2022,8,3,Tuesday,0,Summer,85.1,1420.9,0
2022-08-24,2022,8,3,Wednesday,0,Summer,76.5,1451.3,0
2022-08-25,2022,8,3,Thursday,0,Summer,94.8,1292.6,0
2022-08-26,2022,8,3,Friday,0,Summer,86.8,1619.6,0
2022-08-27,2022,8,3,Saturday,1,Summer,89.6,1178.5,0
2022-08-28,2022,8,3,Sunday,1,Summer,93.6,1354.5,0
2022-08-29,2022,8,3,Monday,0,Summer,83.2,1443.1,0
2022-08-30,2022,8,3,Tuesday,0,Summer,89.0,1293.9,0
2022-08-31,2022,8,3,Wednesday,0,Summer,80.9,1395.0,0
2022-09-01,2022,9,3,Thursday,0,Fall,72.6,1180.9,0
2022-09-02,2022,9,3,Friday,0,Fall,82.4,1375.3,0
2022-09-03,2022,9,3,Saturday,1,Fall,85.4,953.1,0
2022-09-04,2022,9,3,Sunday,1,Fall,73.7,925.8,0
2022-09-05,2022,9,3,Monday,0,Fall,80.7,1384.9,0
2022-09-06,2022,9,3,Tuesday,0,Fall,77.0,1152.7,0
2022-09-07,2022,9,3,Wednesday,0,Fall,71.1,1169.0,0
2022-09-08,2022,9,3,Thursday,0,Fall,87.5,1338.3,0
2022-09-09,2022,9,3,Friday,0,Fall,80.8,1076.7,0
2022-09-10,2022,9,3,Saturday,1,Fall,75.6,904.6,0
2022-09-11,2022,9,3,Sunday,1,Fall,73.7,877.0,0
2022-09-12,2022,9,3,Monday,0,Fall,73.8,1239.9,0
2022-09-13,2022,9,3,Tuesday,0,Fall,77.7,1284.9,0
2022-09-14,2022,9,3,Wednesday,0,Fall,73.5,1233.8,0
2022-09-15,2022,9,3,Thursday,0,Fall,81.8,1189.2,0
2022-09-16,2022,9,3,Friday,0,Fall,73.1,1261.7,0
2022-09-17,2022,9,3,Saturday,1,Fall,81.8,962.4,0
2022-09-18,2022,9,3,Sunday,1,Fall,80.7,798.2,0
2022-09-19,2022,9,3,Monday,0,Fall,80.9,1170.3,0
2022-09-20,2022,9,3,Tuesday,0,Fall,69.0,1181.6,0
2022-09-21,2022,9,3,Wednesday,0,Fall,78.2,1094.7,0
2022-09-22,2022,9,3,Thursday,0,Fall,73.5,1273.3,0
2022-09-23,2022,9,3,Friday,0,Fall,69.7,1675.6,1
2022-09-24,2022,9,3,Saturday,1,Fall,71.9,950.3,0
2022-09-25,2022,9,3,Sunday,1,Fall,78.2,873.7,0
2022-09-26,2022,9,3,Monday,0,Fall,76.1,1151.4,0
2022-09-27,2022,9,3,Tuesday,0,Fall,75.1,1360.5,0
2022-09-28,2022,9,3,Wednesday,0,Fall,72.4,1343.4,0
2022-09-29,2022,9,3,Thursday,0,Fall,85.2,1301.0,0
2022-09-30,2022,9,3,Friday,0,Fall,74.0,974.3,0
2022-10-01,2022,10,4,Saturday,1,Fall,63.0,863.7,0
2022-10-02,2022,10,4,Sunday,1,Fall,61.0,820.1,0
2022-10-03,2022,10,4,Monday,0,Fall,63.2,1075.9,0
2022-10-04,2022,10,4,Tuesday,0,Fall,65.3,1189.7,0
2022-10-05,2022,10,4,Wednesday,0,Fall,61.9,1117.5,0
2022-10-06,2022,10,4,Thursday,0,Fall,61.8,1036.4,0
2022-10-07,2022,10,4,Friday,0,Fall,61.9,1082.6,0
2022-10-08,2022,10,4,Saturday,1,Fall,74.4,845.2,0
2022-10-09,2022,10,4,Sunday,1,Fall,62.4,852.5,0
2022-10-10,2022,10,4,Monday,0,Fall,62.0,1171.9,0
2022-10-11,2022,10,4,Tuesday,0,Fall,59.0,911.2,0
2022-10-12,2022,10,4,Wednesday,0,Fall,62.2,925.8,0
2022-10-13,2022,10,4,Thursday,0,Fall,72.4,1409.5,1
2022-10-14,2022,10,4,Friday,0,Fall,62.9,1077.5,0
2022-10-15,2022,10,4,Saturday,1,Fall,52.9,881.3,0
2022-10-16,2022,10,4,Sunday,1,Fall,67.9,812.4,0
2022-10-17,2022,10,4,Monday,0,Fall,69.7,943.2,0
2022-10-18,2022,10,4,Tuesday,0,Fall,61.9,1118.8,0
2022-10-19,2022,10,4,Wednesday,0,Fall,75.4,1333.4,1
2022-10-20,2022,10,4,Thursday,0,Fall,65.2,1095.4,0
2022-10-21,2022,10,4,Friday,0,Fall,59.8,1012.0,0
2022-10-22,2022,10,4,Saturday,1,Fall,59.7,881.9,0
2022-10-23,2022,10,4,Sunday,1,Fall,61.6,802.4,0
2022-10-24,2022,10,4,Monday,0,Fall,65.7,1111.4,0
2022-10-25,2022,10,4,Tuesday,0,Fall,61.4,1180.4,0
2022-10-26,2022,10,4,Wednesday,0,Fall,59.1,1066.5,0
2022-10-27,2022,10,4,Thursday,0,Fall,65.9,1041.9,0
2022-10-28,2022,10,4,Friday,0,Fall,59.4,1114.9,0
2022-10-29,2022,10,4,Saturday,1,Fall,70.8,885.0,0
2022-10-30,2022,10,4,Sunday,1,Fall,73.4,824.7,0
2022-10-31,2022,10,4,Monday,0,Fall,57.8,1004.7,0
2022-11-01,2022,11,4,Tuesday,0,Fall,57.5,1033.8,0
2022-11-02,2022,11,4,Wednesday,0,Fall,49.7,1268.5,0
2022-11-03,2022,11,4,Thursday,0,Fall,44.4,1221.5,0
2022-11-04,2022,11,4,Friday,0,Fall,50.6,1390.0,0
2022-11-05,2022,11,4,Saturday,1,Fall,53.6,923.0,0
2022-11-06,2022,11,4,Sunday,1,Fall,51.1,916.8,0
2022-11-07,2022,11,4,Monday,0,Fall,52.4,1109.5,0
2022-11-08,2022,11,4,Tuesday,0,Fall,56.7,1387.6,0
2022-11-09,2022,11,4,Wednesday,0,Fall,47.4,1359.8,0
2022-11-10,2022,11,4,Thursday,0,Fall,49.4,1100.8,0
2022-11-11,2022,11,4,Friday,0,Fall,55.5,1168.4,0
2022-11-12,2022,11,4,Saturday,1,Fall,57.6,791.6,0
2022-11-13,2022,11,4,Sunday,1,Fall,47.9,872.2,0
2022-11-14,2022,11,4,Monday,0,Fall,41.7,1089.1,0
2022-11-15,2022,11,4,Tuesday,0,Fall,50.4,1286.1,0
2022-11-16,2022,11,4,Wednesday,0,Fall,43.5,1082.2,0
2022-11-17,2022,11,4,Thursday,0,Fall,58.3,1164.0,0
2022-11-18,2022,11,4,Friday,0,Fall,42.5,1139.7,0
2022-11-19,2022,11,4,Saturday,1,Fall,48.6,898.1,0
2022-11-20,2022,11,4,Sunday,1,Fall,49.7,693.1,0
2022-11-21,2022,11,4,Monday,0,Fall,53.5,1163.8,0
2022-11-22,2022,11,4,Tuesday,0,Fall,55.6,1386.0,0
2022-11-23,2022,11,4,Wednesday,0,Fall,44.5,1181.5,0
2022-11-24,2022,11,4,Thursday,0,Fall,50.3,1443.2,0
2022-11-25,2022,11,4,Friday,0,Fall,49.9,1165.8,0
2022-11-26,2022,11,4,Saturday,1,Fall,49.3,931.1,0
2022-11-27,2022,11,4,Sunday,1,Fall,47.3,843.7,0
2022-11-28,2022,11,4,Monday,0,Fall,47.3,1183.3,0
2022-11-29,2022,11,4,Tuesday,0,Fall,50.5,1139.2,0
2022-11-30,2022,11,4,Wednesday,0,Fall,57.5,1183.5,0
2022-12-01,2022,12,4,Thursday,0,Winter,43.5,1078.3,0
2022-12-02,2022,12,4,Friday,0,Winter,27.6,1464.4,0
2022-12-03,2022,12,4,Saturday,1,Winter,36.1,1019.4,0
2022-12-04,2022,12,4,Sunday,1,Winter,34.1,897.4,0
2022-12-05,2022,12,4,Monday,0,Winter,46.8,1236.1,0
2022-12-06,2022,12,4,Tuesday,0,Winter,44.4,1484.8,0
2022-12-07,2022,12,4,Wednesday,0,Winter,32.4,1461.3,0
2022-12-08,2022,12,4,Thursday,0,Winter,40.4,1311.8,0
2022-12-09,2022,12,4,Friday,0,Winter,41.6,1202.1,0
2022-12-10,2022,12,4,Saturday,1,Winter,36.1,1028.6,0
2022-12-11,2022,12,4,Sunday,1,Winter,40.2,1069.3,0
2022-12-12,2022,12,4,Monday,0,Winter,43.8,1318.2,0
2022-12-13,2022,12,4,Tuesday,0,Winter,41.1,1262.7,0
2022-12-14,2022,12,4,Wednesday,0,Winter,36.5,1447.9,0
2022-12-15,2022,12,4,Thursday,0,Winter,31.7,1405.8,0
2022-12-16,2022,12,4,Friday,0,Winter,37.1,1431.7,0
2022-12-17,2022,12,4,Saturday,1,Winter,43.2,1005.4,0
2022-12-18,2022,12,4,Sunday,1,Winter,31.0,955.3,0
2022-12-19,2022,12,4,Monday,0,Winter,41.0,1189.0,0
2022-12-20,2022,12,4,Tuesday,0,Winter,46.8,1241.3,0
2022-12-21,2022,12,4,Wednesday,0,Winter,46.5,1152.7,0
2022-12-22,2022,12,4,Thursday,0,Winter,37.5,1394.0,0
2022-12-23,2022,12,4,Friday,0,Winter,40.0,1275.8,0
2022-12-24,2022,12,4,Saturday,1,Winter,43.5,1046.8,0
2022-12-25,2022,12,4,Sunday,1,Winter,38.8,1022.2,0
2022-12-26,2022,12,4,Monday,0,Winter,37.7,1319.4,0
2022-12-27,2022,12,4,Tuesday,0,Winter,29.4,1417.8,0
2022-12-28,2022,12,4,Wednesday,0,Winter,41.7,1648.4,1
2022-12-29,2022,12,4,Thursday,0,Winter,37.1,1390.4,0
2022-12-30,2022,12,4,Friday,0,Winter,39.7,1336.6,0
2022-12-31,2022,12,4,Saturday,1,Winter,34.1,1005.2,0
2023-01-01,2023,1,1,Sunday,1,Winter,30.1,1072.3,0
2023-01-02,2023,1,1,Monday,0,Winter,26.5,1462.6,0
2023-01-03,2023,1,1,Tuesday,0,Winter,37.4,1561.0,0
2023-01-04,2023,1,1,Wednesday,0,Winter,39.9,1471.9,0
2023-01-05,2023,1,1,Thursday,0,Winter,40.1,1620.1,0
2023-01-06,2023,1,1,Friday,0,Winter,28.6,1186.2,0
2023-01-07,2023,1,1,Saturday,1,Winter,35.1,1040.2,0
2023-01-08,2023,1,1,Sunday,1,Winter,31.4,1100.1,0
2023-01-09,2023,1,1,Monday,0,Winter,31.2,1438.3,0
2023-01-10,2023,1,1,Tuesday,0,Winter,28.0,1372.5,0
2023-01-11,2023,1,1,Wednesday,0,Winter,28.2,1336.6,0
2023-01-12,2023,1,1,Thursday,0,Winter,40.3,1318.7,0
2023-01-13,2023,1,1,Friday,0,Winter,48.2,1286.1,0
2023-01-14,2023,1,1,Saturday,1,Winter,35.9,1138.8,0
2023-01-15,2023,1,1,Sunday,1,Winter,38.5,984.4,0
2023-01-16,2023,1,1,Monday,0,Winter,35.6,1352.7,0
2023-01-17,2023,1,1,Tuesday,0,Winter,34.5,1739.6,0
2023-01-18,2023,1,1,Wednesday,0,Winter,31.5,1576.7,0
2023-01-19,2023,1,1,Thursday,0,Winter,43.9,1427.2,0
2023-01-20,2023,1,1,Friday,0,Winter,44.1,1322.8,0
2023-01-21,2023,1,1,Saturday,1,Winter,32.2,1158.2,0
2023-01-22,2023,1,1,Sunday,1,Winter,39.9,1341.5,1
2023-01-23,2023,1,1,Monday,0,Winter,27.1,1489.4,0
2023-01-24,2023,1,1,Tuesday,0,Winter,33.8,1360.6,0
2023-01-25,2023,1,1,Wednesday,0,Winter,38.1,1436.2,0
2023-01-26,2023,1,1,Thursday,0,Winter,28.3,1452.4,0
2023-01-27,2023,1,1,Friday,0,Winter,38.1,1435.8,0
2023-01-28,2023,1,1,Saturday,1,Winter,40.4,1145.9,0
2023-01-29,2023,1,1,Sunday,1,Winter,37.3,1128.7,0
2023-01-30,2023,1,1,Monday,0,Winter,26.7,1411.6,0
2023-01-31,2023,1,1,Tuesday,0,Winter,36.0,1495.2,0
2023-02-01,2023,2,1,Wednesday,0,Winter,31.6,1418.0,0
2023-02-02,2023,2,1,Thursday,0,Winter,43.3,1256.6,0
2023-02-03,2023,2,1,Friday,0,Winter,41.4,1334.2,0
2023-02-04,2023,2,1,Saturday,1,Winter,38.1,1055.9,0
2023-02-05,2023,2,1,Sunday,1,Winter,35.4,1092.7,0
2023-02-06,2023,2,1,Monday,0,Winter,35.7,1374.1,0
2023-02-07,2023,2,1,Tuesday,0,Winter,36.5,1340.2,0
2023-02-08,2023,2,1,Wednesday,0,Winter,35.6,1413.3,0
2023-02-09,2023,2,1,Thursday,0,Winter,33.5,1514.6,0
2023-02-10,2023,2,1,Friday,0,Winter,35.8,1319.2,0
2023-02-11,2023,2,1,Saturday,1,Winter,39.0,1176.1,0
2023-02-12,2023,2,1,Sunday,1,Winter,30.6,1100.9,0
2023-02-13,2023,2,1,Monday,0,Winter,42.4,1393.5,0
2023-02-14,2023,2,1,Tuesday,0,Winter,43.3,1398.4,0
2023-02-15,2023,2,1,Wednesday,0,Winter,45.0,1331.9,0
2023-02-16,2023,2,1,Thursday,0,Winter,36.2,1630.3,0
2023-02-17,2023,2,1,Friday,0,Winter,45.3,1292.2,0
2023-02-18,2023,2,1,Saturday,1,Winter,35.4,1188.0,0
2023-02-19,2023,2,1,Sunday,1,Winter,36.6,983.3,0
2023-02-20,2023,2,1,Monday,0,Winter,33.4,1218.3,0
2023-02-21,2023,2,1,Tuesday,0,Winter,34.2,1278.4,0
2023-02-22,2023,2,1,Wednesday,0,Winter,39.2,1386.3,0
2023-02-23,2023,2,1,Thursday,0,Winter,33.0,2013.7,1
2023-02-24,2023,2,1,Friday,0,Winter,36.9,1446.3,0
2023-02-25,2023,2,1,Saturday,1,Winter,41.4,1051.1,0
2023-02-26,2023,2,1,Sunday,1,Winter,39.9,926.7,0
2023-02-27,2023,2,1,Monday,0,Winter,40.5,1384.1,0
2023-02-28,2023,2,1,Tuesday,0,Winter,50.3,1423.0,0
2023-03-01,2023,3,1,Wednesday,0,Spring,47.3,1155.0,0
2023-03-02,2023,3,1,Thursday,0,Spring,47.2,1146.2,0
2023-03-03,2023,3,1,Friday,0,Spring,55.9,1114.0,0
2023-03-04,2023,3,1,Saturday,1,Spring,47.1,1028.9,0
2023-03-05,2023,3,1,Sunday,1,Spring,52.4,832.0,0
2023-03-06,2023,3,1,Monday,0,Spring,53.2,1143.0,0
2023-03-07,2023,3,1,Tuesday,0,Spring,42.4,1237.4,0
2023-03-08,2023,3,1,Wednesday,0,Spring,59.0,1368.5,0
2023-03-09,2023,3,1,Thursday,0,Spring,48.1,1147.8,0
2023-03-10,2023,3,1,Friday,0,Spring,51.7,1201.3,0
2023-03-11,2023,3,1,Saturday,1,Spring,60.1,973.1,0
2023-03-12,2023,3,1,Sunday,1,Spring,46.0,879.2,0
2023-03-13,2023,3,1,Monday,0,Spring,46.3,1064.5,0
2023-03-14,2023,3,1,Tuesday,0,Spring,59.0,1215.1,0
2023-03-15,2023,3,1,Wednesday,0,Spring,51.1,1168.0,0
2023-03-16,2023,3,1,Thursday,0,Spring,55.9,1206.1,0
2023-03-17,2023,3,1,Friday,0,Spring,47.3,1412.7,0
2023-03-18,2023,3,1,Saturday,1,Spring,55.2,888.7,0
2023-03-19,2023,3,1,Sunday,1,Spring,59.2,941.1,0
2023-03-20,2023,3,1,Monday,0,Spring,48.2,1253.1,0
2023-03-21,2023,3,1,Tuesday,0,Spring,55.5,1276.7,0
2023-03-22,2023,3,1,Wednesday,0,Spring,52.5,1299.2,0
2023-03-23,2023,3,1,Thursday,0,Spring,55.8,1311.5,0
2023-03-24,2023,3,1,Friday,0,Spring,53.2,1305.8,0
2023-03-25,2023,3,1,Saturday,1,Spring,50.7,913.1,0
2023-03-26,2023,3,1,Sunday,1,Spring,45.9,979.1,0
2023-03-27,2023,3,1,Monday,0,Spring,48.0,1233.2,0
2023-03-28,2023,3,1,Tuesday,0,Spring,56.4,1222.6,0
2023-03-29,2023,3,1,Wednesday,0,Spring,50.2,1238.5,0
2023-03-30,2023,3,1,Thursday,0,Spring,53.7,1077.5,0
2023-03-31,2023,3,1,Friday,0,Spring,60.8,1237.2,0
2023-04-01,2023,4,2,Saturday,1,Spring,63.1,817.2,0
2023-04-02,2023,4,2,Sunday,1,Spring,69.9,824.4,0
2023-04-03,2023,4,2,Monday,0,Spring,63.4,1076.1,0
2023-04-04,2023,4,2,Tuesday,0,Spring,62.9,1157.9,0
2023-04-05,2023,4,2,Wednesday,0,Spring,63.0,1064.9,0
2023-04-06,2023,4,2,Thursday,0,Spring,56.9,1188.5,0
2023-04-07,2023,4,2,Friday,0,Spring,58.5,1076.4,0
2023-04-08,2023,4,2,Saturday,1,Spring,54.4,918.4,0
2023-04-09,2023,4,2,Sunday,1,Spring,63.9,772.6,0
2023-04-10,2023,4,2,Monday,0,Spring,61.7,1220.9,0
2023-04-11,2023,4,2,Tuesday,0,Spring,71.4,1055.8,0
2023-04-12,2023,4,2,Wednesday,0,Spring,51.0,976.9,0
2023-04-13,2023,4,2,Thursday,0,Spring,59.5,1133.7,0
2023-04-14,2023,4,2,Friday,0,Spring,65.5,978.6,0
2023-04-15,2023,4,2,Saturday,1,Spring,59.2,855.1,0
2023-04-16,2023,4,2,Sunday,1,Spring,66.4,726.3,0
2023-04-17,2023,4,2,Monday,0,Spring,61.5,1393.8,1
2023-04-18,2023,4,2,Tuesday,0,Spring,56.6,1268.8,0
2023-04-19,2023,4,2,Wednesday,0,Spring,58.5,970.6,0
2023-04-20,2023,4,2,Thursday,0,Spring,63.2,1091.8,0
2023-04-21,2023,4,2,Friday,0,Spring,63.8,1045.7,0
2023-04-22,2023,4,2,Saturday,1,Spring,69.2,755.2,0
2023-04-23,2023,4,2,Sunday,1,Spring,67.6,804.4,0
2023-04-24,2023,4,2,Monday,0,Spring,64.3,1116.0,0
2023-04-25,2023,4,2,Tuesday,0,Spring,64.2,1156.5,0
2023-04-26,2023,4,2,Wednesday,0,Spring,68.6,1163.1,0
2023-04-27,2023,4,2,Thursday,0,Spring,65.5,1113.6,0
2023-04-28,2023,4,2,Friday,0,Spring,69.2,1059.2,0
2023-04-29,2023,4,2,Saturday,1,Spring,71.0,794.3,0
2023-04-30,2023,4,2,Sunday,1,Spring,54.8,807.5,0
2023-05-01,2023,5,2,Monday,0,Spring,68.6,1040.2,0
2023-05-02,2023,5,2,Tuesday,0,Spring,68.7,1119.0,0
2023-05-03,2023,5,2,Wednesday,0,Spring,62.6,1011.1,0
2023-05-04,2023,5,2,Thursday,0,Spring,59.9,1001.7,0
2023-05-05,2023,5,2,Friday,0,Spring,75.8,883.1,0
2023-05-06,2023,5,2,Saturday,1,Spring,74.1,846.0,0
2023-05-07,2023,5,2,Sunday,1,Spring,71.8,708.5,0
2023-05-08,2023,5,2,Monday,0,Spring,66.2,1029.9,0
2023-05-09,2023,5,2,Tuesday,0,Spring,76.4,1175.2,0
2023-05-10,2023,5,2,Wednesday,0,Spring,72.1,1030.6,0
2023-05-11,2023,5,2,Thursday,0,Spring,61.8,1057.2,0
2023-05-12,2023,5,2,Friday,0,Spring,68.6,991.8,0
2023-05-13,2023,5,2,Saturday,1,Spring,70.6,732.6,0
2023-05-14,2023,5,2,Sunday,1,Spring,75.2,878.9,0
2023-05-15,2023,5,2,Monday,0,Spring,74.9,983.7,0
2023-05-16,2023,5,2,Tuesday,0,Spring,76.6,1167.2,0
2023-05-17,2023,5,2,Wednesday,0,Spring,68.8,1054.7,0
2023-05-18,2023,5,2,Thursday,0,Spring,74.0,1098.6,0
2023-05-19,2023,5,2,Friday,0,Spring,75.2,1084.9,0
2023-05-20,2023,5,2,Saturday,1,Spring,69.3,863.8,0
2023-05-21,2023,5,2,Sunday,1,Spring,73.0,849.8,0
2023-05-22,2023,5,2,Monday,0,Spring,68.6,1202.6,0
2023-05-23,2023,5,2,Tuesday,0,Spring,73.0,1504.6,1
2023-05-24,2023,5,2,Wednesday,0,Spring,69.6,995.6,0
2023-05-25,2023,5,2,Thursday,0,Spring,74.1,1014.4,0
2023-05-26,2023,5,2,Friday,0,Spring,69.1,1055.4,0
2023-05-27,2023,5,2,Saturday,1,Spring,82.7,795.8,0
2023-05-28,2023,5,2,Sunday,1,Spring,74.2,875.6,0
2023-05-29,2023,5,2,Monday,0,Spring,72.6,1035.1,0
2023-05-30,2023,5,2,Tuesday,0,Spring,66.9,1102.4,0
2023-05-31,2023,5,2,Wednesday,0,Spring,63.7,1029.3,0
2023-06-01,2023,6,2,Thursday,0,Summer,85.2,1373.5,0
2023-06-02,2023,6,2,Friday,0,Summer,89.9,1245.0,0
2023-06-03,2023,6,2,Saturday,1,Summer,74.7,919.4,0
2023-06-04,2023,6,2,Sunday,1,Summer,87.2,1001.1,0
2023-06-05,2023,6,2,Monday,0,Summer,79.7,1497.2,0
2023-06-06,2023,6,2,Tuesday,0,Summer,81.8,1459.4,0
2023-06-07,2023,6,2,Wednesday,0,Summer,86.4,1325.1,0
2023-06-08,2023,6,2,Thursday,0,Summer,74.1,1401.2,0
2023-06-09,2023,6,2,Friday,0,Summer,88.9,1448.9,0
2023-06-10,2023,6,2,Saturday,1,Summer,84.0,968.9,0
2023-06-11,2023,6,2,Sunday,1,Summer,83.3,1022.9,0
2023-06-12,2023,6,2,Monday,0,Summer,78.6,1262.0,0
2023-06-13,2023,6,2,Tuesday,0,Summer,87.9,1341.5,0
2023-06-14,2023,6,2,Wednesday,0,Summer,80.1,1402.8,0
2023-06-15,2023,6,2,Thursday,0,Summer,67.8,1414.7,0
2023-06-16,2023,6,2,Friday,0,Summer,73.3,1415.7,0
2023-06-17,2023,6,2,Saturday,1,Summer,76.4,990.9,0
2023-06-18,2023,6,2,Sunday,1,Summer,87.8,882.6,0
2023-06-19,2023,6,2,Monday,0,Summer,83.7,1271.5,0
2023-06-20,2023,6,2,Tuesday,0,Summer,84.4,1340.0,0
2023-06-21,2023,6,2,Wednesday,0,Summer,75.6,1353.4,0
2023-06-22,2023,6,2,Thursday,0,Summer,79.5,1439.5,0
2023-06-23,2023,6,2,Friday,0,Summer,79.9,1135.8,0
2023-06-24,2023,6,2,Saturday,1,Summer,86.3,1143.7,0
2023-06-25,2023,6,2,Sunday,1,Summer,80.3,957.7,0
2023-06-26,2023,6,2,Monday,0,Summer,92.4,1287.6,0
2023-06-27,2023,6,2,Tuesday,0,Summer,84.2,1386.9,0
2023-06-28,2023,6,2,Wednesday,0,Summer,83.2,1456.8,0
2023-06-29,2023,6,2,Thursday,0,Summer,81.0,1306.3,0
2023-06-30,2023,6,2,Friday,0,Summer,81.8,1290.6,0
2023-07-01,2023,7,3,Saturday,1,Summer,90.3,1269.2,0
2023-07-02,2023,7,3,Sunday,1,Summer,89.6,1225.0,0
2023-07-03,2023,7,3,Monday,0,Summer,80.0,1562.2,0
2023-07-04,2023,7,3,Tuesday,0,Summer,91.7,1696.6,0
2023-07-05,2023,7,3,Wednesday,0,Summer,75.5,1707.1,0
2023-07-06,2023,7,3,Thursday,0,Summer,89.3,1828.7,0
2023-07-07,2023,7,3,Friday,0,Summer,84.8,1659.8,0
2023-07-08,2023,7,3,Saturday,1,Summer,84.7,1258.9,0
2023-07-09,2023,7,3,Sunday,1,Summer,99.6,1100.0,0
2023-07-10,2023,7,3,Monday,0,Summer,91.1,1529.6,0
2023-07-11,2023,7,3,Tuesday,0,Summer,92.5,1691.7,0
2023-07-12,2023,7,3,Wednesday,0,Summer,91.8,1600.8,0
2023-07-13,2023,7,3,Thursday,0,Summer,89.7,1869.2,0
2023-07-14,2023,7,3,Friday,0,Summer,95.3,1550.1,0
2023-07-15,2023,7,3,Saturday,1,Summer,95.9,1306.9,0
2023-07-16,2023,7,3,Sunday,1,Summer,84.3,1217.6,0
2023-07-17,2023,7,3,Monday,0,Summer,84.3,1757.2,0
2023-07-18,2023,7,3,Tuesday,0,Summer,86.2,1620.8,0
2023-07-19,2023,7,3,Wednesday,0,Summer,91.6,1574.5,0
2023-07-20,2023,7,3,Thursday,0,Summer,92.1,1609.0,0
2023-07-21,2023,7,3,Friday,0,Summer,92.3,1723.4,0
2023-07-22,2023,7,3,Saturday,1,Summer,94.8,1178.0,0
2023-07-23,2023,7,3,Sunday,1,Summer,83.9,1269.4,0
2023-07-24,2023,7,3,Monday,0,Summer,93.5,1629.3,0
2023-07-25,2023,7,3,Tuesday,0,Summer,96.9,1545.7,0
2023-07-26,2023,7,3,Wednesday,0,Summer,90.6,1564.5,0
2023-07-27,2023,7,3,Thursday,0,Summer,90.1,1547.8,0
2023-07-28,2023,7,3,Friday,0,Summer,82.8,1393.3,0
2023-07-29,2023,7,3,Saturday,1,Summer,85.8,1355.4,0
2023-07-30,2023,7,3,Sunday,1,Summer,79.2,1067.8,0
2023-07-31,2023,7,3,Monday,0,Summer,83.4,1476.4,0
2023-08-01,2023,8,3,Tuesday,0,Summer,93.0,1726.1,0
2023-08-02,2023,8,3,Wednesday,0,Summer,99.3,1441.8,0
2023-08-03,2023,8,3,Thursday,0,Summer,86.4,1631.0,0
2023-08-04,2023,8,3,Friday,0,Summer,99.5,1177.3,0
2023-08-05,2023,8,3,Saturday,1,Summer,79.8,1029.5,0
2023-08-06,2023,8,3,Sunday,1,Summer,100.2,1208.9,0
2023-08-07,2023,8,3,Monday,0,Summer,90.8,1665.2,0
2023-08-08,2023,8,3,Tuesday,0,Summer,92.3,1599.1,0
2023-08-09,2023,8,3,Wednesday,0,Summer,89.4,1619.3,0
2023-08-10,2023,8,3,Thursday,0,Summer,87.7,2043.9,1
2023-08-11,2023,8,3,Friday,0,Summer,86.6,1383.5,0
2023-08-12,2023,8,3,Saturday,1,Summer,87.5,1001.9,0
2023-08-13,2023,8,3,Sunday,1,Summer,82.5,1029.7,0
2023-08-14,2023,8,3,Monday,0,Summer,95.0,1521.6,0
2023-08-15,2023,8,3,Tuesday,0,Summer,80.1,1639.6,0
2023-08-16,2023,8,3,Wednesday,0,Summer,92.7,1406.6,0
2023-08-17,2023,8,3,Thursday,0,Summer,86.9,1395.0,0
2023-08-18,2023,8,3,Friday,0,Summer,83.2,1538.0,0
2023-08-19,2023,8,3,Saturday,1,Summer,81.3,1169.3,0
2023-08-20,2023,8,3,Sunday,1,Summer,89.6,1064.9,0
2023-08-21,2023,8,3,Monday,0,Summer,90.2,1309.6,0
2023-08-22,2023,8,3,Tuesday,0,Summer,90.8,1525.8,0
2023-08-23,2023,8,3,Wednesday,0,Summer,94.8,1555.7,0
2023-08-24,2023,8,3,Thursday,0,Summer,85.9,1530.0,0
2023-08-25,2023,8,3,Friday,0,Summer,90.7,1488.4,0
2023-08-26,2023,8,3,Saturday,1,Summer,88.2,1164.7,0
2023-08-27,2023,8,3,Sunday,1,Summer,84.7,1056.5,0
2023-08-28,2023,8,3,Monday,0,Summer,96.7,1333.2,0
2023-08-29,2023,8,3,Tuesday,0,Summer,84.5,1377.0,0
2023-08-30,2023,8,3,Wednesday,0,Summer,92.5,1441.3,0
2023-08-31,2023,8,3,Thursday,0,Summer,94.2,1479.9,0
2023-09-01,2023,9,3,Friday,0,Fall,79.4,1180.7,0
2023-09-02,2023,9,3,Saturday,1,Fall,88.7,916.6,0
2023-09-03,2023,9,3,Sunday,1,Fall,79.5,857.6,0
2023-09-04,2023,9,3,Monday,0,Fall,80.1,1335.8,0
2023-09-05,2023,9,3,Tuesday,0,Fall,77.4,1275.4,0
2023-09-06,2023,9,3,Wednesday,0,Fall,77.3,1299.2,0
2023-09-07,2023,9,3,Thursday,0,Fall,89.1,1382.2,0
2023-09-08,2023,9,3,Friday,0,Fall,71.2,1193.0,0
2023-09-09,2023,9,3,Saturday,1,Fall,90.9,975.9,0
2023-09-10,2023,9,3,Sunday,1,Fall,86.2,887.3,0
2023-09-11,2023,9,3,Monday,0,Fall,75.2,1442.8,0
2023-09-12,2023,9,3,Tuesday,0,Fall,86.1,1354.3,0
2023-09-13,2023,9,3,Wednesday,0,Fall,77.0,1256.1,0
2023-09-14,2023,9,3,Thursday,0,Fall,72.9,1224.2,0
2023-09-15,2023,9,3,Friday,0,Fall,71.9,1184.5,0
2023-09-16,2023,9,3,Saturday,1,Fall,74.2,986.1,0
2023-09-17,2023,9,3,Sunday,1,Fall,70.2,1214.7,1
2023-09-18,2023,9,3,Monday,0,Fall,82.2,1306.5,0
2023-09-19,2023,9,3,Tuesday,0,Fall,79.9,1089.3,0
2023-09-20,2023,9,3,Wednesday,0,Fall,72.0,1423.5,0
2023-09-21,2023,9,3,Thursday,0,Fall,80.1,1456.6,0
2023-09-22,2023,9,3,Friday,0,Fall,77.7,1179.6,0
2023-09-23,2023,9,3,Saturday,1,Fall,78.4,1027.9,0
2023-09-24,2023,9,3,Sunday,1,Fall,73.4,990.2,0
2023-09-25,2023,9,3,Monday,0,Fall,70.9,1290.8,0
2023-09-26,2023,9,3,Tuesday,0,Fall,73.5,1285.3,0
2023-09-27,2023,9,3,Wednesday,0,Fall,84.2,1220.6,0
2023-09-28,2023,9,3,Thursday,0,Fall,81.0,1397.7,0
2023-09-29,2023,9,3,Friday,0,Fall,76.4,1141.5,0
2023-09-30,2023,9,3,Saturday,1,Fall,78.7,1080.0,0
2023-10-01,2023,10,4,Sunday,1,Fall,66.0,972.5,0
2023-10-02,2023,10,4,Monday,0,Fall,62.5,1117.4,0
2023-10-03,2023,10,4,Tuesday,0,Fall,63.2,1132.6,0
2023-10-04,2023,10,4,Wednesday,0,Fall,68.8,1184.2,0
2023-10-05,2023,10,4,Thursday,0,Fall,57.3,1040.9,0
2023-10-06,2023,10,4,Friday,0,Fall,66.5,922.1,0
2023-10-07,2023,10,4,Saturday,1,Fall,53.2,775.6,0
2023-10-08,2023,10,4,Sunday,1,Fall,76.5,846.3,0
2023-10-09,2023,10,4,Monday,0,Fall,68.2,1100.6,0
2023-10-10,2023,10,4,Tuesday,0,Fall,63.5,1128.6,0
2023-10-11,2023,10,4,Wednesday,0,Fall,62.5,1203.8,0
2023-10-12,2023,10,4,Thursday,0,Fall,65.6,1135.2,0
2023-10-13,2023,10,4,Friday,0,Fall,69.0,1023.7,0
2023-10-14,2023,10,4,Saturday,1,Fall,60.2,839.3,0
2023-10-15,2023,10,4,Sunday,1,Fall,59.5,856.5,0
2023-10-16,2023,10,4,Monday,0,Fall,64.0,1104.2,0
2023-10-17,2023,10,4,Tuesday,0,Fall,66.4,1219.3,0
2023-10-18,2023,10,4,Wednesday,0,Fall,68.1,1119.7,0
2023-10-19,2023,10,4,Thursday,0,Fall,66.8,1235.7,0
2023-10-20,2023,10,4,Friday,0,Fall,57.4,1083.0,0
2023-10-21,2023,10,4,Saturday,1,Fall,62.5,779.1,0
2023-10-22,2023,10,4,Sunday,1,Fall,63.1,781.6,0
2023-10-23,2023,10,4,Monday,0,Fall,66.6,1107.4,0
2023-10-24,2023,10,4,Tuesday,0,Fall,66.4,1116.2,0
2023-10-25,2023,10,4,Wednesday,0,Fall,54.1,1128.4,0
2023-10-26,2023,10,4,Thursday,0,Fall,63.3,1029.1,0
2023-10-27,2023,10,4,Friday,0,Fall,67.0,977.9,0
2023-10-28,2023,10,4,Saturday,1,Fall,70.1,956.5,0
2023-10-29,2023,10,4,Sunday,1,Fall,71.5,808.1,0
2023-10-30,2023,10,4,Monday,0,Fall,62.3,1116.1,0
2023-10-31,2023,10,4,Tuesday,0,Fall,62.5,1068.0,0
2023-11-01,2023,11,4,Wednesday,0,Fall,50.9,1202.9,0
2023-11-02,2023,11,4,Thursday,0,Fall,50.0,1545.5,1
2023-11-03,2023,11,4,Friday,0,Fall,56.0,1239.2,0
2023-11-04,2023,11,4,Saturday,1,Fall,42.6,1014.0,0
2023-11-05,2023,11,4,Sunday,1,Fall,54.7,723.5,0
2023-11-06,2023,11,4,Monday,0,Fall,48.9,1086.4,0
2023-11-07,2023,11,4,Tuesday,0,Fall,41.0,1125.8,0
2023-11-08,2023,11,4,Wednesday,0,Fall,53.8,1296.0,0
2023-11-09,2023,11,4,Thursday,0,Fall,37.0,1174.4,0
2023-11-10,2023,11,4,Friday,0,Fall,52.0,1145.7,0
2023-11-11,2023,11,4,Saturday,1,Fall,50.9,831.4,0
2023-11-12,2023,11,4,Sunday,1,Fall,52.9,908.6,0
2023-11-13,2023,11,4,Monday,0,Fall,45.1,1232.2,0
2023-11-14,2023,11,4,Tuesday,0,Fall,49.2,1361.7,0
2023-11-15,2023,11,4,Wednesday,0,Fall,45.3,1240.2,0
2023-11-16,2023,11,4,Thursday,0,Fall,45.6,1188.2,0
2023-11-17,2023,11,4,Friday,0,Fall,58.6,1182.1,0
2023-11-18,2023,11,4,Saturday,1,Fall,41.9,839.9,0
2023-11-19,2023,11,4,Sunday,1,Fall,49.0,1017.4,0
2023-11-20,2023,11,4,Monday,0,Fall,55.2,1155.8,0
2023-11-21,2023,11,4,Tuesday,0,Fall,59.1,1183.2,0
2023-11-22,2023,11,4,Wednesday,0,Fall,47.6,1311.0,0
2023-11-23,2023,11,4,Thursday,0,Fall,47.0,1445.3,0
2023-11-24,2023,11,4,Friday,0,Fall,51.5,1270.6,0
2023-11-25,2023,11,4,Saturday,1,Fall,57.8,1042.3,0
2023-11-26,2023,11,4,Sunday,1,Fall,46.2,913.1,0
2023-11-27,2023,11,4,Monday,0,Fall,46.6,1266.8,0
2023-11-28,2023,11,4,Tuesday,0,Fall,50.7,1444.6,0
2023-11-29,2023,11,4,Wednesday,0,Fall,50.9,1207.9,0
2023-11-30,2023,11,4,Thursday,0,Fall,45.1,1100.4,0
2023-12-01,2023,12,4,Friday,0,Winter,34.7,1503.2,0
2023-12-02,2023,12,4,Saturday,1,Winter,40.7,989.1,0
2023-12-03,2023,12,4,Sunday,1,Winter,41.6,1140.3,0
2023-12-04,2023,12,4,Monday,0,Winter,34.2,1508.6,0
2023-12-05,2023,12,4,Tuesday,0,Winter,45.5,1260.9,0
2023-12-06,2023,12,4,Wednesday,0,Winter,36.7,1386.1,0
2023-12-07,2023,12,4,Thursday,0,Winter,40.8,1560.1,0
2023-12-08,2023,12,4,Friday,0,Winter,48.8,1422.3,0
2023-12-09,2023,12,4,Saturday,1,Winter,42.6,1024.5,0
2023-12-10,2023,12,4,Sunday,1,Winter,39.3,1046.8,0
2023-12-11,2023,12,4,Monday,0,Winter,40.5,1569.0,0
2023-12-12,2023,12,4,Tuesday,0,Winter,43.4,1484.8,0
2023-12-13,2023,12,4,Wednesday,0,Winter,33.8,1382.1,0
2023-12-14,2023,12,4,Thursday,0,Winter,28.2,1293.1,0
2023-12-15,2023,12,4,Friday,0,Winter,32.5,1598.9,0
2023-12-16,2023,12,4,Saturday,1,Winter,36.6,1061.6,0
2023-12-17,2023,12,4,Sunday,1,Winter,42.1,1068.3,0
2023-12-18,2023,12,4,Monday,0,Winter,35.1,1495.1,0
2023-12-19,2023,12,4,Tuesday,0,Winter,39.4,1405.3,0
2023-12-20,2023,12,4,Wednesday,0,Winter,46.0,1396.1,0
2023-12-21,2023,12,4,Thursday,0,Winter,41.7,1467.3,0
2023-12-22,2023,12,4,Friday,0,Winter,43.9,1446.7,0
2023-12-23,2023,12,4,Saturday,1,Winter,31.5,1097.0,0
2023-12-24,2023,12,4,Sunday,1,Winter,34.7,1076.6,0
2023-12-25,2023,12,4,Monday,0,Winter,40.9,1340.4,0
2023-12-26,2023,12,4,Tuesday,0,Winter,38.1,1566.3,0
2023-12-27,2023,12,4,Wednesday,0,Winter,46.5,1460.5,0
2023-12-28,2023,12,4,Thursday,0,Winter,51.0,1439.9,0
2023-12-29,2023,12,4,Friday,0,Winter,29.2,1436.8,0
2023-12-30,2023,12,4,Saturday,1,Winter,39.9,1147.1,0
2023-12-31,2023,12,4,Sunday,1,Winter,41.4,1151.5,0
2024-01-01,2024,1,1,Monday,0,Winter,28.9,1442.6,0
2024-01-02,2024,1,1,Tuesday,0,Winter,30.7,1460.5,0
2024-01-03,2024,1,1,Wednesday,0,Winter,37.9,1416.5,0
2024-01-04,2024,1,1,Thursday,0,Winter,37.0,1669.1,0
2024-01-05,2024,1,1,Friday,0,Winter,37.2,1295.6,0
2024-01-06,2024,1,1,Saturday,1,Winter,32.0,1235.6,0
2024-01-07,2024,1,1,Sunday,1,Winter,35.1,1076.3,0
2024-01-08,2024,1,1,Monday,0,Winter,38.2,1367.9,0
2024-01-09,2024,1,1,Tuesday,0,Winter,37.1,1471.8,0
2024-01-10,2024,1,1,Wednesday,0,Winter,32.8,1380.8,0
2024-01-11,2024,1,1,Thursday,0,Winter,33.1,1558.3,0
2024-01-12,2024,1,1,Friday,0,Winter,33.0,1631.5,0
2024-01-13,2024,1,1,Saturday,1,Winter,39.7,1148.6,0
2024-01-14,2024,1,1,Sunday,1,Winter,26.2,965.0,0
2024-01-15,2024,1,1,Monday,0,Winter,41.3,1282.1,0
2024-01-16,2024,1,1,Tuesday,0,Winter,47.8,1421.4,0
2024-01-17,2024,1,1,Wednesday,0,Winter,35.9,1420.1,0
2024-01-18,2024,1,1,Thursday,0,Winter,45.0,1655.9,0
2024-01-19,2024,1,1,Friday,0,Winter,41.0,1670.9,0
2024-01-20,2024,1,1,Saturday,1,Winter,38.0,1221.4,0
2024-01-21,2024,1,1,Sunday,1,Winter,32.2,1157.0,0
2024-01-22,2024,1,1,Monday,0,Winter,35.0,1365.6,0
2024-01-23,2024,1,1,Tuesday,0,Winter,32.7,1467.7,0
2024-01-24,2024,1,1,Wednesday,0,Winter,39.8,1570.9,0
2024-01-25,2024,1,1,Thursday,0,Winter,42.4,1485.3,0
2024-01-26,2024,1,1,Friday,0,Winter,34.0,1304.0,0
2024-01-27,2024,1,1,Saturday,1,Winter,25.7,1064.8,0
2024-01-28,2024,1,1,Sunday,1,Winter,34.4,1082.6,0
2024-01-29,2024,1,1,Monday,0,Winter,38.2,1639.1,0
2024-01-30,2024,1,1,Tuesday,0,Winter,44.3,1366.8,0
2024-01-31,2024,1,1,Wednesday,0,Winter,37.9,1634.3,0
2024-02-01,2024,2,1,Thursday,0,Winter,33.2,1391.0,0
2024-02-02,2024,2,1,Friday,0,Winter,43.4,1337.4,0
2024-02-03,2024,2,1,Saturday,1,Winter,45.7,1248.6,0
2024-02-04,2024,2,1,Sunday,1,Winter,32.4,1005.9,0
2024-02-05,2024,2,1,Monday,0,Winter,29.2,1420.2,0
2024-02-06,2024,2,1,Tuesday,0,Winter,37.3,1467.0,0
2024-02-07,2024,2,1,Wednesday,0,Winter,30.0,1376.8,0
2024-02-08,2024,2,1,Thursday,0,Winter,35.3,1475.7,0
2024-02-09,2024,2,1,Friday,0,Winter,23.6,1250.2,0
2024-02-10,2024,2,1,Saturday,1,Winter,46.9,1083.2,0
2024-02-11,2024,2,1,Sunday,1,Winter,35.7,1186.6,0
2024-02-12,2024,2,1,Monday,0,Winter,40.3,1337.5,0
2024-02-13,2024,2,1,Tuesday,0,Winter,39.5,1316.5,0
2024-02-14,2024,2,1,Wednesday,0,Winter,44.1,1518.6,0
2024-02-15,2024,2,1,Thursday,0,Winter,37.0,1406.9,0
2024-02-16,2024,2,1,Friday,0,Winter,33.9,1283.1,0
2024-02-17,2024,2,1,Saturday,1,Winter,39.8,1066.6,0
2024-02-18,2024,2,1,Sunday,1,Winter,34.0,1124.6,0
2024-02-19,2024,2,1,Monday,0,Winter,36.6,1573.8,0
2024-02-20,2024,2,1,Tuesday,0,Winter,34.3,1429.2,0
2024-02-21,2024,2,1,Wednesday,0,Winter,42.4,1154.1,0
2024-02-22,2024,2,1,Thursday,0,Winter,36.6,1502.7,0
2024-02-23,2024,2,1,Friday,0,Winter,40.6,1388.2,0
2024-02-24,2024,2,1,Saturday,1,Winter,35.4,951.0,0
2024-02-25,2024,2,1,Sunday,1,Winter,31.7,1115.2,0
2024-02-26,2024,2,1,Monday,0,Winter,31.2,1439.8,0
2024-02-27,2024,2,1,Tuesday,0,Winter,37.8,1485.9,0
2024-02-28,2024,2,1,Wednesday,0,Winter,43.8,1247.5,0
2024-02-29,2024,2,1,Thursday,0,Winter,33.9,1336.4,0
2024-03-01,2024,3,1,Friday,0,Spring,55.7,1228.3,0
2024-03-02,2024,3,1,Saturday,1,Spring,50.3,874.2,0
2024-03-03,2024,3,1,Sunday,1,Spring,53.5,949.5,0
2024-03-04,2024,3,1,Monday,0,Spring,48.2,1249.0,0
2024-03-05,2024,3,1,Tuesday,0,Spring,50.4,1171.1,0
2024-03-06,2024,3,1,Wednesday,0,Spring,35.4,1146.6,0
2024-03-07,2024,3,1,Thursday,0,Spring,54.5,1286.5,0
2024-03-08,2024,3,1,Friday,0,Spring,45.0,980.9,0
2024-03-09,2024,3,1,Saturday,1,Spring,60.3,999.2,0
2024-03-10,2024,3,1,Sunday,1,Spring,46.4,920.1,0
2024-03-11,2024,3,1,Monday,0,Spring,56.9,1214.3,0
2024-03-12,2024,3,1,Tuesday,0,Spring,46.0,1190.0,0
2024-03-13,2024,3,1,Wednesday,0,Spring,45.2,1206.5,0
2024-03-14,2024,3,1,Thursday,0,Spring,58.1,1256.0,0
2024-03-15,2024,3,1,Friday,0,Spring,48.7,1241.6,0
2024-03-16,2024,3,1,Saturday,1,Spring,42.2,930.4,0
2024-03-17,2024,3,1,Sunday,1,Spring,49.6,984.0,0
2024-03-18,2024,3,1,Monday,0,Spring,66.0,1215.2,0
2024-03-19,2024,3,1,Tuesday,0,Spring,46.2,1285.5,0
2024-03-20,2024,3,1,Wednesday,0,Spring,55.7,1212.8,0
2024-03-21,2024,3,1,Thursday,0,Spring,42.8,1255.8,0
2024-03-22,2024,3,1,Friday,0,Spring,46.7,1300.0,0
2024-03-23,2024,3,1,Saturday,1,Spring,55.4,1096.0,0
2024-03-24,2024,3,1,Sunday,1,Spring,56.4,886.7,0
2024-03-25,2024,3,1,Monday,0,Spring,54.3,1240.4,0
2024-03-26,2024,3,1,Tuesday,0,Spring,45.8,1305.0,0
2024-03-27,2024,3,1,Wednesday,0,Spring,55.1,1191.7,0
2024-03-28,2024,3,1,Thursday,0,Spring,48.0,1211.9,0
2024-03-29,2024,3,1,Friday,0,Spring,52.1,1119.1,0
2024-03-30,2024,3,1,Saturday,1,Spring,44.7,1111.1,0
2024-03-31,2024,3,1,Sunday,1,Spring,57.1,921.9,0
2024-04-01,2024,4,2,Monday,0,Spring,64.3,1109.7,0
2024-04-02,2024,4,2,Tuesday,0,Spring,64.1,1040.6,0
2024-04-03,2024,4,2,Wednesday,0,Spring,66.9,1120.3,0
2024-04-04,2024,4,2,Thursday,0,Spring,74.9,1234.3,0
2024-04-05,2024,4,2,Friday,0,Spring,63.6,1147.8,0
2024-04-06,2024,4,2,Saturday,1,Spring,60.2,876.8,0
2024-04-07,2024,4,2,Sunday,1,Spring,60.5,855.5,0
2024-04-08,2024,4,2,Monday,0,Spring,68.6,1132.5,0
2024-04-09,2024,4,2,Tuesday,0,Spring,67.7,1046.3,0
2024-04-10,2024,4,2,Wednesday,0,Spring,61.4,1257.9,0
2024-04-11,2024,4,2,Thursday,0,Spring,59.0,936.4,0
2024-04-12,2024,4,2,Friday,0,Spring,61.9,1211.4,0
2024-04-13,2024,4,2,Saturday,1,Spring,59.5,794.8,0
2024-04-14,2024,4,2,Sunday,1,Spring,64.7,889.5,0
2024-04-15,2024,4,2,Monday,0,Spring,60.2,1096.7,0
2024-04-16,2024,4,2,Tuesday,0,Spring,57.4,1102.8,0
2024-04-17,2024,4,2,Wednesday,0,Spring,60.4,1285.8,0
2024-04-18,2024,4,2,Thursday,0,Spring,69.6,1238.4,0
2024-04-19,2024,4,2,Friday,0,Spring,59.8,1185.8,0
2024-04-20,2024,4,2,Saturday,1,Spring,61.9,892.3,0
2024-04-21,2024,4,2,Sunday,1,Spring,63.6,773.6,0
2024-04-22,2024,4,2,Monday,0,Spring,67.9,1013.2,0
2024-04-23,2024,4,2,Tuesday,0,Spring,63.0,1096.8,0
2024-04-24,2024,4,2,Wednesday,0,Spring,60.7,1165.1,0
2024-04-25,2024,4,2,Thursday,0,Spring,59.6,1182.2,0
2024-04-26,2024,4,2,Friday,0,Spring,55.3,1175.3,0
2024-04-27,2024,4,2,Saturday,1,Spring,71.7,873.6,0
2024-04-28,2024,4,2,Sunday,1,Spring,58.6,767.6,0
2024-04-29,2024,4,2,Monday,0,Spring,62.9,1165.4,0
2024-04-30,2024,4,2,Tuesday,0,Spring,64.4,1171.8,0
2024-05-01,2024,5,2,Wednesday,0,Spring,77.5,1134.8,0
2024-05-02,2024,5,2,Thursday,0,Spring,70.8,1105.5,0
2024-05-03,2024,5,2,Friday,0,Spring,81.5,1097.6,0
2024-05-04,2024,5,2,Saturday,1,Spring,67.1,811.1,0
2024-05-05,2024,5,2,Sunday,1,Spring,71.4,861.0,0
2024-05-06,2024,5,2,Monday,0,Spring,76.2,876.6,0
2024-05-07,2024,5,2,Tuesday,0,Spring,71.5,1034.2,0
2024-05-08,2024,5,2,Wednesday,0,Spring,73.0,1109.2,0
2024-05-09,2024,5,2,Thursday,0,Spring,69.8,1131.8,0
2024-05-10,2024,5,2,Friday,0,Spring,70.7,1084.9,0
2024-05-11,2024,5,2,Saturday,1,Spring,75.1,868.7,0
2024-05-12,2024,5,2,Sunday,1,Spring,77.4,732.1,0
2024-05-13,2024,5,2,Monday,0,Spring,76.0,1016.1,0
2024-05-14,2024,5,2,Tuesday,0,Spring,81.2,1112.8,0
2024-05-15,2024,5,2,Wednesday,0,Spring,70.3,1061.8,0
2024-05-16,2024,5,2,Thursday,0,Spring,70.5,1069.9,0
2024-05-17,2024,5,2,Friday,0,Spring,63.9,1454.4,1
2024-05-18,2024,5,2,Saturday,1,Spring,66.7,751.5,0
2024-05-19,2024,5,2,Sunday,1,Spring,80.6,852.0,0
2024-05-20,2024,5,2,Monday,0,Spring,71.2,1053.4,0
2024-05-21,2024,5,2,Tuesday,0,Spring,77.8,1087.7,0
2024-05-22,2024,5,2,Wednesday,0,Spring,73.2,1001.5,0
2024-05-23,2024,5,2,Thursday,0,Spring,74.5,1155.8,0
2024-05-24,2024,5,2,Friday,0,Spring,77.0,1059.1,0
2024-05-25,2024,5,2,Saturday,1,Spring,75.4,643.6,0
2024-05-26,2024,5,2,Sunday,1,Spring,62.8,750.8,0
2024-05-27,2024,5,2,Monday,0,Spring,78.9,1106.3,0
2024-05-28,2024,5,2,Tuesday,0,Spring,76.8,1070.4,0
2024-05-29,2024,5,2,Wednesday,0,Spring,78.6,1222.0,0
2024-05-30,2024,5,2,Thursday,0,Spring,75.7,1213.5,0
2024-05-31,2024,5,2,Friday,0,Spring,64.0,1050.2,0
2024-06-01,2024,6,2,Saturday,1,Summer,77.8,1029.2,0
2024-06-02,2024,6,2,Sunday,1,Summer,81.1,1188.8,0
2024-06-03,2024,6,2,Monday,0,Summer,84.8,1372.3,0
2024-06-04,2024,6,2,Tuesday,0,Summer,90.5,1388.5,0
2024-06-05,2024,6,2,Wednesday,0,Summer,83.0,1314.9,0
2024-06-06,2024,6,2,Thursday,0,Summer,75.4,1290.1,0
2024-06-07,2024,6,2,Friday,0,Summer,81.8,1269.3,0
2024-06-08,2024,6,2,Saturday,1,Summer,78.5,1014.4,0
2024-06-09,2024,6,2,Sunday,1,Summer,81.6,899.5,0
2024-06-10,2024,6,2,Monday,0,Summer,85.8,1196.0,0
2024-06-11,2024,6,2,Tuesday,0,Summer,74.7,1393.6,0
2024-06-12,2024,6,2,Wednesday,0,Summer,78.2,1350.3,0
2024-06-13,2024,6,2,Thursday,0,Summer,88.7,1407.4,0
2024-06-14,2024,6,2,Friday,0,Summer,82.6,1135.0,0
2024-06-15,2024,6,2,Saturday,1,Summer,85.4,1037.6,0
2024-06-16,2024,6,2,Sunday,1,Summer,78.2,1031.3,0
2024-06-17,2024,6,2,Monday,0,Summer,78.0,1325.7,0
2024-06-18,2024,6,2,Tuesday,0,Summer,82.1,1504.5,0
2024-06-19,2024,6,2,Wednesday,0,Summer,81.7,1596.1,0
2024-06-20,2024,6,2,Thursday,0,Summer,74.4,1295.3,0
2024-06-21,2024,6,2,Friday,0,Summer,74.1,1143.4,0
2024-06-22,2024,6,2,Saturday,1,Summer,84.5,1074.1,0
2024-06-23,2024,6,2,Sunday,1,Summer,86.5,886.3,0
2024-06-24,2024,6,2,Monday,0,Summer,82.7,1308.6,0
2024-06-25,2024,6,2,Tuesday,0,Summer,86.5,1564.8,0
2024-06-26,2024,6,2,Wednesday,0,Summer,77.5,1356.4,0
2024-06-27,2024,6,2,Thursday,0,Summer,78.4,1137.4,0
2024-06-28,2024,6,2,Friday,0,Summer,77.1,1314.3,0
2024-06-29,2024,6,2,Saturday,1,Summer,82.4,1041.2,0
2024-06-30,2024,6,2,Sunday,1,Summer,78.7,996.9,0
2024-07-01,2024,7,3,Monday,0,Summer,92.2,1620.4,0
2024-07-02,2024,7,3,Tuesday,0,Summer,97.1,1486.0,0
2024-07-03,2024,7,3,Wednesday,0,Summer,90.1,1615.3,0
2024-07-04,2024,7,3,Thursday,0,Summer,91.2,1705.2,0
2024-07-05,2024,7,3,Friday,0,Summer,91.4,1690.0,0
2024-07-06,2024,7,3,Saturday,1,Summer,91.8,1175.4,0
2024-07-07,2024,7,3,Sunday,1,Summer,90.5,1083.3,0
2024-07-08,2024,7,3,Monday,0,Summer,89.0,1595.5,0
2024-07-09,2024,7,3,Tuesday,0,Summer,80.6,1612.2,0
2024-07-10,2024,7,3,Wednesday,0,Summer,90.5,1557.6,0
2024-07-11,2024,7,3,Thursday,0,Summer,84.9,1635.3,0
2024-07-12,2024,7,3,Friday,0,Summer,85.7,1730.2,0
2024-07-13,2024,7,3,Saturday,1,Summer,92.1,1332.6,0
2024-07-14,2024,7,3,Sunday,1,Summer,98.9,1131.4,0
2024-07-15,2024,7,3,Monday,0,Summer,94.6,1447.8,0
2024-07-16,2024,7,3,Tuesday,0,Summer,86.6,1760.3,0
2024-07-17,2024,7,3,Wednesday,0,Summer,88.7,1811.6,0
2024-07-18,2024,7,3,Thursday,0,Summer,91.3,1652.9,0
2024-07-19,2024,7,3,Friday,0,Summer,94.1,1555.2,0
2024-07-20,2024,7,3,Saturday,1,Summer,81.3,1315.9,0
2024-07-21,2024,7,3,Sunday,1,Summer,81.7,1318.4,0
2024-07-22,2024,7,3,Monday,0,Summer,95.6,1733.8,0
2024-07-23,2024,7,3,Tuesday,0,Summer,87.9,1488.5,0
2024-07-24,2024,7,3,Wednesday,0,Summer,88.9,1486.7,0
2024-07-25,2024,7,3,Thursday,0,Summer,93.9,1576.7,0
2024-07-26,2024,7,3,Friday,0,Summer,97.0,1737.8,0
2024-07-27,2024,7,3,Saturday,1,Summer,89.0,1182.4,0
2024-07-28,2024,7,3,Sunday,1,Summer,86.0,1033.6,0
2024-07-29,2024,7,3,Monday,0,Summer,98.1,2170.3,1
2024-07-30,2024,7,3,Tuesday,0,Summer,87.0,1470.6,0
2024-07-31,2024,7,3,Wednesday,0,Summer,91.4,1628.4,0
2024-08-01,2024,8,3,Thursday,0,Summer,90.1,1456.6,0
2024-08-02,2024,8,3,Friday,0,Summer,87.9,1458.1,0
2024-08-03,2024,8,3,Saturday,1,Summer,88.0,1245.0,0
2024-08-04,2024,8,3,Sunday,1,Summer,87.5,1110.7,0
2024-08-05,2024,8,3,Monday,0,Summer,86.1,1533.1,0
2024-08-06,2024,8,3,Tuesday,0,Summer,96.0,1539.6,0
2024-08-07,2024,8,3,Wednesday,0,Summer,86.5,1642.9,0
2024-08-08,2024,8,3,Thursday,0,Summer,86.3,1645.3,0
2024-08-09,2024,8,3,Friday,0,Summer,89.8,1658.7,0
2024-08-10,2024,8,3,Saturday,1,Summer,90.2,1183.3,0
2024-08-11,2024,8,3,Sunday,1,Summer,82.4,1006.8,0
2024-08-12,2024,8,3,Monday,0,Summer,88.7,1397.3,0
2024-08-13,2024,8,3,Tuesday,0,Summer,99.2,1791.1,0
2024-08-14,2024,8,3,Wednesday,0,Summer,90.5,1653.5,0
2024-08-15,2024,8,3,Thursday,0,Summer,85.3,1334.6,0
2024-08-16,2024,8,3,Friday,0,Summer,84.9,1421.6,0
2024-08-17,2024,8,3,Saturday,1,Summer,85.6,1178.2,0
2024-08-18,2024,8,3,Sunday,1,Summer,91.7,969.7,0
2024-08-19,2024,8,3,Monday,0,Summer,89.2,1413.1,0
2024-08-20,2024,8,3,Tuesday,0,Summer,83.4,1835.1,0
2024-08-21,2024,8,3,Wednesday,0,Summer,86.6,1255.5,0
2024-08-22,2024,8,3,Thursday,0,Summer,97.8,1697.6,0
2024-08-23,2024,8,3,Friday,0,Summer,90.5,1368.8,0
2024-08-24,2024,8,3,Saturday,1,Summer,87.5,1150.4,0
2024-08-25,2024,8,3,Sunday,1,Summer,80.5,1396.7,0
2024-08-26,2024,8,3,Monday,0,Summer,90.3,1578.0,0
2024-08-27,2024,8,3,Tuesday,0,Summer,88.5,1711.7,0
2024-08-28,2024,8,3,Wednesday,0,Summer,86.0,1613.8,0
2024-08-29,2024,8,3,Thursday,0,Summer,86.3,1594.7,0
2024-08-30,2024,8,3,Friday,0,Summer,86.2,1594.5,0
2024-08-31,2024,8,3,Saturday,1,Summer,87.9,1231.7,0
2024-09-01,2024,9,3,Sunday,1,Fall,77.7,1064.0,0
2024-09-02,2024,9,3,Monday,0,Fall,84.3,1123.7,0
2024-09-03,2024,9,3,Tuesday,0,Fall,74.7,1236.7,0
2024-09-04,2024,9,3,Wednesday,0,Fall,84.9,1269.9,0
2024-09-05,2024,9,3,Thursday,0,Fall,93.7,1095.8,0
2024-09-06,2024,9,3,Friday,0,Fall,79.1,1394.7,0
2024-09-07,2024,9,3,Saturday,1,Fall,79.4,1007.8,0
2024-09-08,2024,9,3,Sunday,1,Fall,81.2,1017.3,0
2024-09-09,2024,9,3,Monday,0,Fall,78.4,1368.4,0
2024-09-10,2024,9,3,Tuesday,0,Fall,77.2,1313.0,0
2024-09-11,2024,9,3,Wednesday,0,Fall,83.7,1313.4,0
2024-09-12,2024,9,3,Thursday,0,Fall,63.3,1385.2,0
2024-09-13,2024,9,3,Friday,0,Fall,79.0,1354.3,0
2024-09-14,2024,9,3,Saturday,1,Fall,76.1,1011.3,0
2024-09-15,2024,9,3,Sunday,1,Fall,82.7,1065.0,0
2024-09-16,2024,9,3,Monday,0,Fall,80.0,1229.8,0
2024-09-17,2024,9,3,Tuesday,0,Fall,71.1,1231.1,0
2024-09-18,2024,9,3,Wednesday,0,Fall,82.3,1268.0,0
2024-09-19,2024,9,3,Thursday,0,Fall,80.6,1424.0,0
2024-09-20,2024,9,3,Friday,0,Fall,80.6,1362.2,0
2024-09-21,2024,9,3,Saturday,1,Fall,80.2,961.4,0
2024-09-22,2024,9,3,Sunday,1,Fall,81.8,1040.3,0
2024-09-23,2024,9,3,Monday,0,Fall,81.5,1436.4,0
2024-09-24,2024,9,3,Tuesday,0,Fall,83.4,1373.1,0
2024-09-25,2024,9,3,Wednesday,0,Fall,73.6,1332.9,0
2024-09-26,2024,9,3,Thursday,0,Fall,74.3,1306.6,0
2024-09-27,2024,9,3,Friday,0,Fall,77.3,1218.6,0
2024-09-28,2024,9,3,Saturday,1,Fall,76.5,949.7,0
2024-09-29,2024,9,3,Sunday,1,Fall,79.1,830.1,0
2024-09-30,2024,9,3,Monday,0,Fall,73.9,1312.5,0
2024-10-01,2024,10,4,Tuesday,0,Fall,68.7,1215.0,0
2024-10-02,2024,10,4,Wednesday,0,Fall,60.2,1005.8,0
2024-10-03,2024,10,4,Thursday,0,Fall,59.3,1073.6,0
2024-10-04,2024,10,4,Friday,0,Fall,63.0,1187.0,0
2024-10-05,2024,10,4,Saturday,1,Fall,54.0,857.6,0
2024-10-06,2024,10,4,Sunday,1,Fall,57.8,1174.0,1
2024-10-07,2024,10,4,Monday,0,Fall,65.4,1139.5,0
2024-10-08,2024,10,4,Tuesday,0,Fall,57.5,1280.5,0
2024-10-09,2024,10,4,Wednesday,0,Fall,64.9,875.9,0
2024-10-10,2024,10,4,Thursday,0,Fall,70.2,1309.5,0
2024-10-11,2024,10,4,Friday,0,Fall,61.5,1132.5,0
2024-10-12,2024,10,4,Saturday,1,Fall,59.1,933.3,0
2024-10-13,2024,10,4,Sunday,1,Fall,66.5,1148.5,1
2024-10-14,2024,10,4,Monday,0,Fall,77.8,1231.0,0
2024-10-15,2024,10,4,Tuesday,0,Fall,61.5,1191.7,0
2024-10-16,2024,10,4,Wednesday,0,Fall,55.2,1153.2,0
2024-10-17,2024,10,4,Thursday,0,Fall,62.0,1081.7,0
2024-10-18,2024,10,4,Friday,0,Fall,64.8,1067.7,0
2024-10-19,2024,10,4,Saturday,1,Fall,69.6,819.5,0
2024-10-20,2024,10,4,Sunday,1,Fall,64.0,846.3,0
2024-10-21,2024,10,4,Monday,0,Fall,64.8,1105.6,0
2024-10-22,2024,10,4,Tuesday,0,Fall,59.7,1232.4,0
2024-10-23,2024,10,4,Wednesday,0,Fall,62.5,1095.3,0
2024-10-24,2024,10,4,Thursday,0,Fall,59.9,1022.6,0
2024-10-25,2024,10,4,Friday,0,Fall,68.4,1072.6,0
2024-10-26,2024,10,4,Saturday,1,Fall,65.0,896.1,0
2024-10-27,2024,10,4,Sunday,1,Fall,63.3,904.4,0
2024-10-28,2024,10,4,Monday,0,Fall,63.5,1171.5,0
2024-10-29,2024,10,4,Tuesday,0,Fall,61.1,1181.3,0
2024-10-30,2024,10,4,Wednesday,0,Fall,63.3,931.1,0
2024-10-31,2024,10,4,Thursday,0,Fall,68.6,1277.1,0
2024-11-01,2024,11,4,Friday,0,Fall,56.2,1328.4,0
2024-11-02,2024,11,4,Saturday,1,Fall,51.0,977.5,0
2024-11-03,2024,11,4,Sunday,1,Fall,48.4,890.2,0
2024-11-04,2024,11,4,Monday,0,Fall,56.0,1318.2,0
2024-11-05,2024,11,4,Tuesday,0,Fall,47.7,1265.0,0
2024-11-06,2024,11,4,Wednesday,0,Fall,53.0,1279.4,0
2024-11-07,2024,11,4,Thursday,0,Fall,38.5,1121.5,0
2024-11-08,2024,11,4,Friday,0,Fall,43.9,1179.5,0
2024-11-09,2024,11,4,Saturday,1,Fall,49.3,931.7,0
2024-11-10,2024,11,4,Sunday,1,Fall,57.3,903.0,0
2024-11-11,2024,11,4,Monday,0,Fall,51.5,1289.9,0
2024-11-12,2024,11,4,Tuesday,0,Fall,44.3,1343.7,0
2024-11-13,2024,11,4,Wednesday,0,Fall,49.6,1386.5,0
2024-11-14,2024,11,4,Thursday,0,Fall,44.6,1336.8,0
2024-11-15,2024,11,4,Friday,0,Fall,54.1,1081.1,0
2024-11-16,2024,11,4,Saturday,1,Fall,45.5,1001.0,0
2024-11-17,2024,11,4,Sunday,1,Fall,55.6,872.3,0
2024-11-18,2024,11,4,Monday,0,Fall,58.2,1138.0,0
2024-11-19,2024,11,4,Tuesday,0,Fall,53.2,1188.4,0
2024-11-20,2024,11,4,Wednesday,0,Fall,53.0,1247.1,0
2024-11-21,2024,11,4,Thursday,0,Fall,49.2,1214.2,0
2024-11-22,2024,11,4,Friday,0,Fall,45.0,1239.3,0
2024-11-23,2024,11,4,Saturday,1,Fall,47.4,1029.9,0
2024-11-24,2024,11,4,Sunday,1,Fall,45.0,920.9,0
2024-11-25,2024,11,4,Monday,0,Fall,49.0,1000.5,0
2024-11-26,2024,11,4,Tuesday,0,Fall,53.9,1528.7,0
2024-11-27,2024,11,4,Wednesday,0,Fall,48.7,1279.5,0
2024-11-28,2024,11,4,Thursday,0,Fall,52.7,1272.5,0
2024-11-29,2024,11,4,Friday,0,Fall,55.6,1119.2,0
2024-11-30,2024,11,4,Saturday,1,Fall,53.6,1028.5,0
2024-12-01,2024,12,4,Sunday,1,Winter,38.1,1110.3,0
2024-12-02,2024,12,4,Monday,0,Winter,41.0,1516.5,0
2024-12-03,2024,12,4,Tuesday,0,Winter,35.1,1423.8,0
2024-12-04,2024,12,4,Wednesday,0,Winter,45.7,1477.4,0
2024-12-05,2024,12,4,Thursday,0,Winter,30.7,1308.5,0
2024-12-06,2024,12,4,Friday,0,Winter,38.3,1431.9,0
2024-12-07,2024,12,4,Saturday,1,Winter,39.2,1127.8,0
2024-12-08,2024,12,4,Sunday,1,Winter,45.4,1054.1,0
2024-12-09,2024,12,4,Monday,0,Winter,33.9,1255.4,0
2024-12-10,2024,12,4,Tuesday,0,Winter,29.8,1454.0,0
2024-12-11,2024,12,4,Wednesday,0,Winter,46.3,1445.6,0
2024-12-12,2024,12,4,Thursday,0,Winter,39.2,1455.7,0
2024-12-13,2024,12,4,Friday,0,Winter,34.9,1271.6,0
2024-12-14,2024,12,4,Saturday,1,Winter,36.4,1079.6,0
2024-12-15,2024,12,4,Sunday,1,Winter,40.8,1184.0,0
2024-12-16,2024,12,4,Monday,0,Winter,39.2,1312.6,0
2024-12-17,2024,12,4,Tuesday,0,Winter,43.7,1525.4,0
2024-12-18,2024,12,4,Wednesday,0,Winter,32.9,1652.6,0
2024-12-19,2024,12,4,Thursday,0,Winter,31.7,1359.8,0
2024-12-20,2024,12,4,Friday,0,Winter,40.3,1388.4,0
2024-12-21,2024,12,4,Saturday,1,Winter,37.6,1201.6,0
2024-12-22,2024,12,4,Sunday,1,Winter,38.8,1047.0,0
2024-12-23,2024,12,4,Monday,0,Winter,48.4,1345.2,0
2024-12-24,2024,12,4,Tuesday,0,Winter,38.9,1279.0,0
2024-12-25,2024,12,4,Wednesday,0,Winter,38.0,1705.5,0
2024-12-26,2024,12,4,Thursday,0,Winter,36.2,1432.8,0
2024-12-27,2024,12,4,Friday,0,Winter,44.9,1395.3,0
2024-12-28,2024,12,4,Saturday,1,Winter,45.7,917.1,0
2024-12-29,2024,12,4,Sunday,1,Winter,36.7,952.6,0
2024-12-30,2024,12,4,Monday,0,Winter,40.9,1392.8,0
2024-12-31,2024,12,4,Tuesday,0,Winter,40.3,1280.9,0
